<annotation>
	<folder>201702272119_640_480</folder>
	<filename>ibm-201702272119_640_480-0014</filename>
	<path>D:\caffe\imgs\201702272119_640_480\ibm-201702272119_640_480-0014.jpg</path>
	<source>
		<database>Unknown</database>
	</source>
	<size>
		<width>640</width>
		<height>480</height>
		<depth>3</depth>
	</size>
	<segmented>0</segmented>
	<object>
		<name>face</name>
		<pose>Unspecified</pose>
		<truncated>0</truncated>
		<difficult>0</difficult>
		<bndbox>
			<xmin>170</xmin>
			<ymin>76</ymin>
			<xmax>477</xmax>
			<ymax>392</ymax>
		</bndbox>
	</object>
</annotation>